{
	"info": {
		"_postman_id": "d50a707d-35dc-4513-ac12-d353c9e47d9b",
		"name": "qwix_it",
		"schema": "https://schema.getpostman.com/json/collection/v2.1.0/collection.json",
		"_exporter_id": "39807346"
	},
	"item": [
		{
			"name": "Login",
			"request": {
				"method": "POST",
				"header": [],
				"body": {
					"mode": "raw",
					"raw": "{\n  \"email\" : \"user@user\",\n  \"password\" : \"user\",\n  \"role\" : \"customer\"\n}",
					"options": {
						"raw": {
							"language": "json"
						}
					}
				},
				"url": {
					"raw": "http://127.0.0.1:5000/api/login",
					"protocol": "http",
					"host": [
						"127",
						"0",
						"0",
						"1"
					],
					"port": "5000",
					"path": [
						"api",
						"login"
					]
				}
			},
			"response": []
		},
		{
			"name": "Logout",
			"request": {
				"method": "POST",
				"header": [],
				"url": {
					"raw": "http://127.0.0.1:5000/api/logout",
					"protocol": "http",
					"host": [
						"127",
						"0",
						"0",
						"1"
					],
					"port": "5000",
					"path": [
						"api",
						"logout"
					]
				}
			},
			"response": []
		},
		{
			"name": "All_Users",
			"request": {
				"method": "GET",
				"header": [],
				"url": {
					"raw": "http://127.0.0.1:5000/api/users",
					"protocol": "http",
					"host": [
						"127",
						"0",
						"0",
						"1"
					],
					"port": "5000",
					"path": [
						"api",
						"users"
					]
				}
			},
			"response": []
		},
		{
			"name": "View_User",
			"request": {
				"method": "GET",
				"header": [],
				"url": {
					"raw": "http://127.0.0.1:5000/api/users/1",
					"protocol": "http",
					"host": [
						"127",
						"0",
						"0",
						"1"
					],
					"port": "5000",
					"path": [
						"api",
						"users",
						"1"
					]
				}
			},
			"response": []
		},
		{
			"name": "Customer_Dash",
			"request": {
				"method": "GET",
				"header": [],
				"url": {
					"raw": "http://127.0.0.1:5000/api/customer/dashboard",
					"protocol": "http",
					"host": [
						"127",
						"0",
						"0",
						"1"
					],
					"port": "5000",
					"path": [
						"api",
						"customer",
						"dashboard"
					]
				}
			},
			"response": []
		},
		{
			"name": "Service_request",
			"request": {
				"method": "GET",
				"header": [],
				"url": {
					"raw": "http://127.0.0.1:5000/api/customer/service_request",
					"protocol": "http",
					"host": [
						"127",
						"0",
						"0",
						"1"
					],
					"port": "5000",
					"path": [
						"api",
						"customer",
						"service_request"
					]
				}
			},
			"response": []
		},
		{
			"name": "Register",
			"request": {
				"method": "POST",
				"header": [],
				"body": {
					"mode": "raw",
					"raw": "{\r\n  \"username\": \"newuser\",\r\n  \"email\": \"newuser@user\",\r\n  \"password\": \"password\",\r\n  \"address\": \"123 Street\",\r\n  \"pincode\": \"123456\",\r\n  \"role\": \"customer\"\r\n}",
					"options": {
						"raw": {
							"language": "json"
						}
					}
				},
				"url": {
					"raw": "http://127.0.0.1:5000/api/register",
					"protocol": "http",
					"host": [
						"127",
						"0",
						"0",
						"1"
					],
					"port": "5000",
					"path": [
						"api",
						"register"
					]
				}
			},
			"response": []
		},
		{
			"name": "Save_package_cust",
			"request": {
				"method": "POST",
				"header": [],
				"body": {
					"mode": "raw",
					"raw": "{\r\n  \"package_id\": 1\r\n}",
					"options": {
						"raw": {
							"language": "json"
						}
					}
				},
				"url": {
					"raw": "http://127.0.0.1:5000/api/customer/save_package",
					"protocol": "http",
					"host": [
						"127",
						"0",
						"0",
						"1"
					],
					"port": "5000",
					"path": [
						"api",
						"customer",
						"save_package"
					]
				}
			},
			"response": []
		},
		{
			"name": "Unsave_package",
			"request": {
				"method": "DELETE",
				"header": [],
				"body": {
					"mode": "raw",
					"raw": "{\r\n  \"package_id\": 1\r\n}",
					"options": {
						"raw": {
							"language": "json"
						}
					}
				},
				"url": {
					"raw": "http://127.0.0.1:5000/api/customer/save_package",
					"protocol": "http",
					"host": [
						"127",
						"0",
						"0",
						"1"
					],
					"port": "5000",
					"path": [
						"api",
						"customer",
						"save_package"
					]
				}
			},
			"response": []
		},
		{
			"name": "View_requests",
			"request": {
				"method": "GET",
				"header": [],
				"url": {
					"raw": "http://127.0.0.1:5000/api/customer/service_request",
					"protocol": "http",
					"host": [
						"127",
						"0",
						"0",
						"1"
					],
					"port": "5000",
					"path": [
						"api",
						"customer",
						"service_request"
					]
				}
			},
			"response": []
		},
		{
			"name": "Create_request",
			"request": {
				"method": "POST",
				"header": [],
				"body": {
					"mode": "raw",
					"raw": "Sample body:\r\n{\r\n  \"package_id\": 1\r\n}",
					"options": {
						"raw": {
							"language": "json"
						}
					}
				},
				"url": {
					"raw": "http://127.0.0.1:5000/api/customer/service_request",
					"protocol": "http",
					"host": [
						"127",
						"0",
						"0",
						"1"
					],
					"port": "5000",
					"path": [
						"api",
						"customer",
						"service_request"
					]
				}
			},
			"response": []
		},
		{
			"name": "update_request",
			"request": {
				"method": "PUT",
				"header": [],
				"body": {
					"mode": "raw",
					"raw": "{\r\n  \"status\": \"completed\"\r\n}\r\n",
					"options": {
						"raw": {
							"language": "json"
						}
					}
				},
				"url": {
					"raw": "http://127.0.0.1:5000/api/customer/service_request/<int:request_id>",
					"protocol": "http",
					"host": [
						"127",
						"0",
						"0",
						"1"
					],
					"port": "5000",
					"path": [
						"api",
						"customer",
						"service_request",
						"<int:request_id>"
					]
				}
			},
			"response": []
		},
		{
			"name": "Cancel_request",
			"request": {
				"method": "DELETE",
				"header": [],
				"url": {
					"raw": "http://127.0.0.1:5000/api/customer/service_request/<int:request_id>",
					"protocol": "http",
					"host": [
						"127",
						"0",
						"0",
						"1"
					],
					"port": "5000",
					"path": [
						"api",
						"customer",
						"service_request",
						"<int:request_id>"
					]
				}
			},
			"response": []
		},
		{
			"name": "Add_review",
			"request": {
				"method": "POST",
				"header": [],
				"body": {
					"mode": "raw",
					"raw": "{\r\n  \"rating\": 5,\r\n  \"comment\": \"Great service!\"\r\n}\r\n",
					"options": {
						"raw": {
							"language": "json"
						}
					}
				},
				"url": {
					"raw": "http://127.0.0.1:5000/api/customer/service_request/<int:request_id>/review",
					"protocol": "http",
					"host": [
						"127",
						"0",
						"0",
						"1"
					],
					"port": "5000",
					"path": [
						"api",
						"customer",
						"service_request",
						"<int:request_id>",
						"review"
					]
				}
			},
			"response": []
		},
		{
			"name": "show_reviews",
			"request": {
				"method": "GET",
				"header": [],
				"url": {
					"raw": "http://127.0.0.1:5000/api/reviews/<int:package_id>",
					"protocol": "http",
					"host": [
						"127",
						"0",
						"0",
						"1"
					],
					"port": "5000",
					"path": [
						"api",
						"reviews",
						"<int:package_id>"
					]
				}
			},
			"response": []
		},
		{
			"name": "create_package",
			"request": {
				"method": "POST",
				"header": [],
				"body": {
					"mode": "raw",
					"raw": "{\r\n  \"service_id\": 1,\r\n  \"name\": \"New Package\",\r\n  \"price\": 100,\r\n  \"duration\": 60,\r\n  \"description\": \"Package description\"\r\n}",
					"options": {
						"raw": {
							"language": "json"
						}
					}
				},
				"url": {
					"raw": "http://127.0.0.1:5000/api/professional/package",
					"protocol": "http",
					"host": [
						"127",
						"0",
						"0",
						"1"
					],
					"port": "5000",
					"path": [
						"api",
						"professional",
						"package"
					]
				}
			},
			"response": []
		},
		{
			"name": "Update_package",
			"request": {
				"method": "PUT",
				"header": [],
				"body": {
					"mode": "raw",
					"raw": "{\r\n  \"name\": \"Updated Package\",\r\n  \"price\": 120,\r\n  \"duration\": 90,\r\n  \"description\": \"Updated description\"\r\n}",
					"options": {
						"raw": {
							"language": "json"
						}
					}
				},
				"url": {
					"raw": "http://127.0.0.1:5000/api/professional/package/<int:package_id>",
					"protocol": "http",
					"host": [
						"127",
						"0",
						"0",
						"1"
					],
					"port": "5000",
					"path": [
						"api",
						"professional",
						"package",
						"<int:package_id>"
					]
				}
			},
			"response": []
		},
		{
			"name": "delete_package",
			"request": {
				"method": "DELETE",
				"header": [],
				"body": {
					"mode": "raw",
					"raw": "",
					"options": {
						"raw": {
							"language": "json"
						}
					}
				},
				"url": {
					"raw": "http://127.0.0.1:5000/api/package/<int:package_id>",
					"protocol": "http",
					"host": [
						"127",
						"0",
						"0",
						"1"
					],
					"port": "5000",
					"path": [
						"api",
						"package",
						"<int:package_id>"
					]
				}
			},
			"response": []
		},
		{
			"name": "close_req_pro",
			"request": {
				"method": "PUT",
				"header": [],
				"body": {
					"mode": "raw",
					"raw": "{\r\n  \"status\": \"closed\"\r\n}",
					"options": {
						"raw": {
							"language": "json"
						}
					}
				},
				"url": {
					"raw": "http://127.0.0.1:5000/api/professional/service_request/<int:request_id>/status",
					"protocol": "http",
					"host": [
						"127",
						"0",
						"0",
						"1"
					],
					"port": "5000",
					"path": [
						"api",
						"professional",
						"service_request",
						"<int:request_id>",
						"status"
					]
				}
			},
			"response": []
		},
		{
			"name": "approve_professional",
			"request": {
				"method": "PUT",
				"header": [],
				"url": {
					"raw": "http://127.0.0.1:5000/api/admin/approve_professional/<int:professional_id>",
					"protocol": "http",
					"host": [
						"127",
						"0",
						"0",
						"1"
					],
					"port": "5000",
					"path": [
						"api",
						"admin",
						"approve_professional",
						"<int:professional_id>"
					]
				}
			},
			"response": []
		},
		{
			"name": "block_professional",
			"request": {
				"method": "PUT",
				"header": [],
				"url": {
					"raw": "http://127.0.0.1:5000/api/admin/block_professional/<int:professional_id>",
					"protocol": "http",
					"host": [
						"127",
						"0",
						"0",
						"1"
					],
					"port": "5000",
					"path": [
						"api",
						"admin",
						"block_professional",
						"<int:professional_id>"
					]
				}
			},
			"response": []
		},
		{
			"name": "reject_professional",
			"request": {
				"method": "DELETE",
				"header": [],
				"url": {
					"raw": "http://127.0.0.1:5000/api/admin/reject_professional/<int:professional_id>",
					"protocol": "http",
					"host": [
						"127",
						"0",
						"0",
						"1"
					],
					"port": "5000",
					"path": [
						"api",
						"admin",
						"reject_professional",
						"<int:professional_id>"
					]
				}
			},
			"response": []
		},
		{
			"name": "block_customer",
			"request": {
				"method": "PUT",
				"header": [],
				"url": {
					"raw": "http://127.0.0.1:5000/api/admin/block_customer/<int:user_id>",
					"protocol": "http",
					"host": [
						"127",
						"0",
						"0",
						"1"
					],
					"port": "5000",
					"path": [
						"api",
						"admin",
						"block_customer",
						"<int:user_id>"
					]
				}
			},
			"response": []
		},
		{
			"name": "unblock_customer",
			"request": {
				"method": "PUT",
				"header": [],
				"url": {
					"raw": "http://127.0.0.1:5000/api/admin/unblock_customer/<int:user_id>",
					"protocol": "http",
					"host": [
						"127",
						"0",
						"0",
						"1"
					],
					"port": "5000",
					"path": [
						"api",
						"admin",
						"unblock_customer",
						"<int:user_id>"
					]
				}
			},
			"response": []
		},
		{
			"name": "All_services_list",
			"request": {
				"method": "GET",
				"header": [],
				"url": {
					"raw": "http://127.0.0.1:5000/api/services",
					"protocol": "http",
					"host": [
						"127",
						"0",
						"0",
						"1"
					],
					"port": "5000",
					"path": [
						"api",
						"services"
					]
				}
			},
			"response": []
		},
		{
			"name": "create_service",
			"request": {
				"method": "POST",
				"header": [],
				"body": {
					"mode": "raw",
					"raw": "{\r\n  \"name\": \"New Service\",\r\n  \"category\": \"Category\",\r\n  \"base_price\": 100,\r\n  \"description\": \"Service description\"\r\n}",
					"options": {
						"raw": {
							"language": "json"
						}
					}
				},
				"url": {
					"raw": "http://127.0.0.1:5000/api/services",
					"protocol": "http",
					"host": [
						"127",
						"0",
						"0",
						"1"
					],
					"port": "5000",
					"path": [
						"api",
						"services"
					]
				}
			},
			"response": []
		},
		{
			"name": "Update_service Copy",
			"request": {
				"method": "PUT",
				"header": [],
				"body": {
					"mode": "raw",
					"raw": "{\r\n  \"name\": \"Updated Service\",\r\n  \"category\": \"Updated Category\",\r\n  \"base_price\": 120,\r\n  \"description\": \"Updated description\"\r\n}",
					"options": {
						"raw": {
							"language": "json"
						}
					}
				},
				"url": {
					"raw": "http://127.0.0.1:5000/api/service/<int:service_id>",
					"protocol": "http",
					"host": [
						"127",
						"0",
						"0",
						"1"
					],
					"port": "5000",
					"path": [
						"api",
						"service",
						"<int:service_id>"
					]
				}
			},
			"response": []
		},
		{
			"name": "Delete Service",
			"request": {
				"method": "DELETE",
				"header": [],
				"url": {
					"raw": "http://127.0.0.1:5000/api/admin/service/<int:service_id>",
					"protocol": "http",
					"host": [
						"127",
						"0",
						"0",
						"1"
					],
					"port": "5000",
					"path": [
						"api",
						"admin",
						"service",
						"<int:service_id>"
					]
				}
			},
			"response": []
		},
		{
			"name": "admin_dash",
			"request": {
				"method": "GET",
				"header": [],
				"url": {
					"raw": "http://127.0.0.1:5000/api/admin/dashboard",
					"protocol": "http",
					"host": [
						"127",
						"0",
						"0",
						"1"
					],
					"port": "5000",
					"path": [
						"api",
						"admin",
						"dashboard"
					]
				}
			},
			"response": []
		},
		{
			"name": "view_profile",
			"request": {
				"method": "GET",
				"header": [],
				"url": {
					"raw": "http://127.0.0.1:5000/api/profile/<int:user_id>",
					"protocol": "http",
					"host": [
						"127",
						"0",
						"0",
						"1"
					],
					"port": "5000",
					"path": [
						"api",
						"profile",
						"<int:user_id>"
					]
				}
			},
			"response": []
		},
		{
			"name": "all_profiles",
			"request": {
				"method": "GET",
				"header": [],
				"url": {
					"raw": "http://127.0.0.1:5000/api/profile",
					"protocol": "http",
					"host": [
						"127",
						"0",
						"0",
						"1"
					],
					"port": "5000",
					"path": [
						"api",
						"profile"
					]
				}
			},
			"response": []
		},
		{
			"name": "pro_profile_by_admin",
			"request": {
				"method": "GET",
				"header": [],
				"url": {
					"raw": "http://127.0.0.1:5000/api/admin/professional_profile/<int:professional_id>",
					"protocol": "http",
					"host": [
						"127",
						"0",
						"0",
						"1"
					],
					"port": "5000",
					"path": [
						"api",
						"admin",
						"professional_profile",
						"<int:professional_id>"
					]
				}
			},
			"response": []
		}
	]
}